name,game
Daveeeeeeeee,275901
Lord_Byzantine,264808
Alcea_,264808
Ninsanity,275775
5ive_Head,275922
CommunistBelgian,267759
ZilQae,273588
Hansai,254607
Cliff_92,268256
Jokanight,275901
ROFLBOY,272797
_Pai,275810
Netflikx,274099
Kayrex,273941
noahquack,261202
yairster,270888
Sabwoo,275770
IronicGentleman,274932
Cego,275945
Rightest,255528
Davegdragon01,275775
Ixan,275185
FireTurtle,275775
Ugianskis,275810
ubauonquack,275810
Miskey,275794
aefrogdog,275763
RobFerretti,275719
BrandinoB,275775
Scerpa,265860
Trebr,275169
Trenny,275945
12gulfer66,275739
b0squet,275922
Chactation,275775
Doubts,252797
Krabzz,274626
Epislen,270122
ilosthegame,275918
Multack,266986
pixelmonlover,270122
Rejeqted,275282
Rvsie,228845
Salty_Ivan,275955
Sherisse,260385
So0n,269921
Sycicys,253442
Squantonias,267638
VitaCoco,250711
iFlaze,275922
wulfi98,275901
TheFatalBest,275922
TheFatalTiger,275264
rochimaruII,275264
ItalianPenguin,275810
crrme,244155
xNaiko,275262
Nemwo,275402
Ringwrather,262272
stefas,275264
Sytrisse,254200
Kryzzl,275600
CollegeDegree,275901
BlueGiraf,265790
Z_Cray,272924
PowerMoves,249729
R4ve,275922
colorr,275612
Yamiiiii,275264
andrewdavid475,247009
talismax,231550
scapezar,275290
Z_Hobo,273941
Leotard,226852
atruck,262612
auromelt,275933
Cardonation,232240
Codebastian,275177
coolkevin867,271950
cupcaik_,271940
Deeg_,267813
DTJ5511,273467
gamren,275656
GengarSleep_,273941
HaHaGetLost,270294
_Leww_,275163
LinkakaShisui,275804
Mhurdock,270794
0bi_,275922
pestoo_,274975
pedruu,265165
Rentokage,268931
Rabious,273941
simcb,275922
Snowbreak,272771
Spades_,273970
SuperBen4,274975
TheSpartan33,275901
wintergreen3,275810
Iceman502,275945
Foodcourt,275605
Slurp_,275901
LegendOfPinkLink,250503
Paddishly,275956
Participated,275922
2ensational,275922
APliterature,268021
Aussi,275945
B_Swan,274117
Carowinds,269883
Chhimichanga,274148
Ducksfan101,274950
Elovie,260046
esoff,275922
Golondrina,253255
hamzacx,275083
_Peppe,274932
Psysnipinq,275945
Raging_,254869
rigol,275945
Sayan,275922
thgstarburst,261046
bofbofbofbof,275612
2OO8,274799
syo,274169
asspot,265777
BM5,275945
Carsonn,275945
chickdee,275435
Choowie,275901
Equilibrium,274282
Exeadra,275339
Gowrbehmunk,263193
Haise,275101
ikemulti,273272
inposed,275737
Joyful,253206
Larh,275101
LeUniCow,275922
LuvAzolandCoca,275901
Azol,275763
mikye,275100
MightyCharlie,271509
MrBubDub,275794
raXin,275794
Recovs,275278
xxMineSheepxx,253345
xAshes,274932
RaZeragon,274932
zengjp,274932
Keelerr,275656
Pegatree,274932
Bloomishly,275732
Swit2427,275498
ghenry,275656
Mirgh,251000
puhdgy,275955
lauten,256159
Versions,267957
Savie,274932
SirLeo,275656
PastelVox,269923
Glaze111,275810
915,276025
Sona_Tea,275099
eeyore6,276028
DoodleBerry7,275901
Heartsrevolution,275185
caligraph,275635
Pablik,275932
brobrotheewok2,270902
mh676,274932
bar1234,275264
witdur,275922
Glashe,275262
f1brown,276028
Fella001,275901
Blackfurrykitty,268113
CatShanti,275083
abrakadabrax,275270
Gymaddict,254960
CakeInASuit,276028
ChubBub360,275408
crashable,268188
Hannx,267600
Insomniac__,164495
Kevivi,270108
Maccciii,275739
MysticMad,275756
NikolakiH,256684
NinetyThree,275901
Schokie,272936
Stelians,275264
TheNameIsSam,274110
TrueChampie,272024
UnholyIceX2,275264
zxcvb,267960
